RegionName,Variable
Connecticut,20.010847
Maine,15.825846
Massachusetts,19.001061
New Hampshire,18.380094
Rhode Island,18.615932
Vermont,17.366658
New Jersey,15.722448
New York,17.575047
Pennsylvania,13.864881
Illinois,12.5352
Indiana,11.78606
Michigan,15.221732
Ohio,12.472801
Wisconsin,14.070667
Iowa,11.937499
Kansas,13.059011
Minnesota,12.671145
Missouri,11.208713
Nebraska,10.839559
North Dakota,10.160652
South Dakota,11.465981
Delaware,13.417421
District of Columbia,12.290938
Florida,10.983793
Georgia,11.503393
Maryland,14.227214
North Carolina,11.02714
South Carolina,12.653085
Virginia,11.355329
West Virginia,11.44472
Alabama,11.989796
Kentucky,10.490665
Mississippi,10.466255
Tennessee,10.412184
Arkansas,9.9241294
Louisiana,9.3375414
Oklahoma,10.195744
Texas,10.994018
Arizona,12.152954
Colorado,12.073974
Idaho,9.9546575
Montana,10.935725
Nevada,11.405815
New Mexico,12.033645
Utah,11.016757
Wyoming,11.13375
California,17.392832
Oregon,10.663807
Washington,9.4841161
Alaska,20.30338
Hawaii,27.468013
