,,,,,,,
,Average Fuel Economy of Major Vehicle Categories,,,,,,
,Vehicle Type,MPG Gasoline,MPG Diesel,VMT Source,,,
,Refuse Truck,2.5,2.8,C,,,
,Transit Bus,3.3,3.6,B,,,
,Class 8 Truck,5.3,5.8 ,A,,,
,School Bus,6.3,7.0,D,,,
,Delivery Truck,6.6,7.3 ,A,,,
,Para. Shuttle,7.7,8.5,B,,,
,Police,10.7,11.8,E,,,
,Light Truck,17.2,19.0,A,,,
,Light-Duty Vehicle,21.6,23.9,A,,,
,Car,23.4,25.9,A,,,
,Motorcycle,43.5,48.2,A,,,
,,,,,,,
,Notes:,,,,,,
,Numbers in bold indicate that the measurements were taken using that fuel.  They are the source of the non-bold energy based conversions.,,,,,,
,Conversion between diesel and gasoline is 1 gallon gasoline = 0.904 gallons diesel (from the AFDC),,,,,,
,"Light-duty vehicles are sales-weighted combination of cars, wagons, vans, SUVs, and pickups. Vehicles with short wheelbases (<121 in.) are generalized as cars and vehicles with long wheelbases are generalized as light trucks.",,,,,,
,Delivery trucks are single-unit trucks with 2 axles and 6 or more tires.,,,,,,
,"Class 8 trucks are combined tractor/trailer trucks, also know as long-haul or class 8.",,,,,,
,Worksheet available at www.afdc.energy.gov/data/,,,,,,
,Last updated 06/17/2015,,,,,,
,,,,,,,
,Data Sources:,,,,,,
A,"Federal Highway Administration. Highway Statistics 2013, Table VM-1.  Accessed 06/4/15 at http://www.fhwa.dot.gov/policyinformation/statistics/2013/",,,,,,
B,"Calculated from tables 6, 7, and 20 in American Public Transit Association's Public Transportation Fact Book 2014. Accessed 06/16/2014 at:                                           http://www.apta.com/resources/statistics/Documents/FactBook/2014-APTA-Fact-Book.pdf        ",,,,,,
C,"Gordon, Deborah, Juliet Burdelski, and James S. Cannon.  Greening Garbage Trucks: New Technologies for Cleaner Air.  Inform, Inc. 2003.  ISBN #0-918780-80-2.",,,,,,
D,American School Bus Council.  National School Bus Fuel Data.  Accessed 6/13/14 at http://www.americanschoolbuscouncil.org/issues/environmental-benefits,,,,,,
E,"Weighted average of 4,519 vehicles in Chicago (IL) PD, Colorado State Patrol, Denver (CO) PD, Duluth (MN) PD, Everett (WA) PD, Geauge County (OH) Sheriff's Office, Hoover (AL) PD, North Richland Hills (TX) PD, and Savanna (GA) PD. ",,,,,,
,,,,,,,
,,,,,,,
,,,,,,,
,,,,,,,
,,,,,,,
,,,,,,,
,,,,,,,
,,,,,,,
,,,,,,,
,,,,,,,
,,,,,,,
,,,,,,,
,,,,,,,
,,,,,,,
,,,,,,,
,,,,,,,
,,,,,,,
,,,,,,,
,,,,,,,
,,,,,,,
,,,,,,,
,,,,,,,
,,,,,,,
,,,,,,,
,,,,,,,
,,,,,,,
,,,,,,,
,,,,,,,
,,,,,,,
,,,,,,,
,,,,,,,
,,,,,,,
,,,,,,,
,,,,,,,
,,,,,,,
,,,,,,,
,,,,,,,
