RegionName,Variable
Alabama Price of Natural Gas Delivered to Residential Consumers (Dollars per Thousand Cubic Feet),14.05
Alaska Price of Natural Gas Delivered to Residential Consumers (Dollars per Thousand Cubic Feet),9.81
Arizona Price of Natural Gas Delivered to Residential Consumers (Dollars per Thousand Cubic Feet),15.28
Arkansas Price of Natural Gas Delivered to Residential Consumers (Dollars per Thousand Cubic Feet),11.17
California Price of Natural Gas Delivered to Residential Consumers (Dollars per Thousand Cubic Feet),11.84
Colorado Price of Natural Gas Delivered to Residential Consumers (Dollars per Thousand Cubic Feet),7.35
Connecticut Price of Natural Gas Delivered to Residential Consumers (Dollars per Thousand Cubic Feet),12.91
Delaware Price of Natural Gas Delivered to Residential Consumers (Dollars per Thousand Cubic Feet),11.88
District of Columbia Price of Natural Gas Delivered to Residential Consumers (Dollars per Thousand Cubic Feet),10.9
Florida Price of Natural Gas Delivered to Residential Consumers (Dollars per Thousand Cubic Feet),20.27
Georgia Price of Natural Gas Delivered to Residential Consumers (Dollars per Thousand Cubic Feet),14.56
Hawaii Price of Natural Gas Delivered to Residential Consumers (Dollars per Thousand Cubic Feet),36.48
Idaho Price of Natural Gas Delivered to Residential Consumers (Dollars per Thousand Cubic Feet),8.14
Illinois Price of Natural Gas Delivered to Residential Consumers (Dollars per Thousand Cubic Feet),7.88
Indiana Price of Natural Gas Delivered to Residential Consumers (Dollars per Thousand Cubic Feet),7.92
Iowa Price of Natural Gas Delivered to Residential Consumers (Dollars per Thousand Cubic Feet),8.13
Kansas Price of Natural Gas Delivered to Residential Consumers (Dollars per Thousand Cubic Feet),9.85
Kentucky Price of Natural Gas Delivered to Residential Consumers (Dollars per Thousand Cubic Feet),10.14
Louisiana Price of Natural Gas Delivered to Residential Consumers (Dollars per Thousand Cubic Feet),11.32
Maine Price of Natural Gas Delivered to Residential Consumers (Dollars per Thousand Cubic Feet),13.82
Maryland Price of Natural Gas Delivered to Residential Consumers (Dollars per Thousand Cubic Feet),11.53
Massachusetts Price of Natural Gas Delivered to Residential Consumers (Dollars per Thousand Cubic Feet),12.46
Michigan Price of Natural Gas Delivered to Residential Consumers (Dollars per Thousand Cubic Feet),8.21
Minnesota Price of Natural Gas Delivered to Residential Consumers (Dollars per Thousand Cubic Feet),8.01
Mississippi Price of Natural Gas Delivered to Residential Consumers (Dollars per Thousand Cubic Feet),10.06
Missouri Price of Natural Gas Delivered to Residential Consumers (Dollars per Thousand Cubic Feet),10.94
Montana Price of Natural Gas Delivered to Residential Consumers (Dollars per Thousand Cubic Feet),7.27
Nebraska Price of Natural Gas Delivered to Residential Consumers (Dollars per Thousand Cubic Feet),8.01
Nevada Price of Natural Gas Delivered to Residential Consumers (Dollars per Thousand Cubic Feet),10.23
New Hampshire Price of Natural Gas Delivered to Residential Consumers (Dollars per Thousand Cubic Feet),14.25
New Jersey Price of Natural Gas Delivered to Residential Consumers (Dollars per Thousand Cubic Feet),8.3
New Mexico Price of Natural Gas Delivered to Residential Consumers (Dollars per Thousand Cubic Feet),8.05
New York Price of Natural Gas Delivered to Residential Consumers (Dollars per Thousand Cubic Feet),10.84
North Carolina Price of Natural Gas Delivered to Residential Consumers (Dollars per Thousand Cubic Feet),11.31
North Dakota Price of Natural Gas Delivered to Residential Consumers (Dollars per Thousand Cubic Feet),7.21
Ohio Price of Natural Gas Delivered to Residential Consumers (Dollars per Thousand Cubic Feet),9.03
Oklahoma Price of Natural Gas Delivered to Residential Consumers (Dollars per Thousand Cubic Feet),10.57
Oregon Price of Natural Gas Delivered to Residential Consumers (Dollars per Thousand Cubic Feet),11.67
Pennsylvania Price of Natural Gas Delivered to Residential Consumers (Dollars per Thousand Cubic Feet),10.18
Rhode Island Price of Natural Gas Delivered to Residential Consumers (Dollars per Thousand Cubic Feet),13.8
South Carolina Price of Natural Gas Delivered to Residential Consumers (Dollars per Thousand Cubic Feet),12.62
South Dakota Price of Natural Gas Delivered to Residential Consumers (Dollars per Thousand Cubic Feet),7.6
Tennessee Price of Natural Gas Delivered to Residential Consumers (Dollars per Thousand Cubic Feet),9.21
Texas Price of Natural Gas Delivered to Residential Consumers (Dollars per Thousand Cubic Feet),11.73
Utah Price of Natural Gas Delivered to Residential Consumers (Dollars per Thousand Cubic Feet),9.12
Vermont Price of Natural Gas Delivered to Residential Consumers (Dollars per Thousand Cubic Feet),14.15
Virginia Price of Natural Gas Delivered to Residential Consumers (Dollars per Thousand Cubic Feet),10.88
Washington Price of Natural Gas Delivered to Residential Consumers (Dollars per Thousand Cubic Feet),10.78
West Virginia Price of Natural Gas Delivered to Residential Consumers (Dollars per Thousand Cubic Feet),9.26
Wisconsin Price of Natural Gas Delivered to Residential Consumers (Dollars per Thousand Cubic Feet),8.07
Wyoming Price of Natural Gas Delivered to Residential Consumers (Dollars per Thousand Cubic Feet),8.51
