RegionName,Variable
Alabama Natural Gas Residential Consumption (MMcf),28407
Alaska Natural Gas Residential Consumption (MMcf),17787
Arizona Natural Gas Residential Consumption (MMcf),35120
Arkansas Natural Gas Residential Consumption (MMcf),27130
California Natural Gas Residential Consumption (MMcf),411828
Colorado Natural Gas Residential Consumption (MMcf),121963
Connecticut Natural Gas Residential Consumption (MMcf),46045
Delaware Natural Gas Residential Consumption (MMcf),9660
District of Columbia Natural Gas Residential Consumption (MMcf),11379
Florida Natural Gas Residential Consumption (MMcf),15352
Georgia Natural Gas Residential Consumption (MMcf),115922
Hawaii Natural Gas Residential Consumption (MMcf),571
Idaho Natural Gas Residential Consumption (MMcf),24889
Illinois Natural Gas Residential Consumption (MMcf),386590
Indiana Natural Gas Residential Consumption (MMcf),125038
Iowa Natural Gas Residential Consumption (MMcf),61247
Kansas Natural Gas Residential Consumption (MMcf),54060
Kentucky Natural Gas Residential Consumption (MMcf),45502
Louisiana Natural Gas Residential Consumption (MMcf),31393
Maine Natural Gas Residential Consumption (MMcf),2566
Maryland Natural Gas Residential Consumption (MMcf),76047
Massachusetts Natural Gas Residential Consumption (MMcf),112082
Michigan Natural Gas Residential Consumption (MMcf),294187
Minnesota Natural Gas Residential Consumption (MMcf),117598
Mississippi Natural Gas Residential Consumption (MMcf),20177
Missouri Natural Gas Residential Consumption (MMcf),87265
Montana Natural Gas Residential Consumption (MMcf),19100
Nebraska Natural Gas Residential Consumption (MMcf),33050
Nevada Natural Gas Residential Consumption (MMcf),39075
New Hampshire Natural Gas Residential Consumption (MMcf),6861
New Jersey Natural Gas Residential Consumption (MMcf),215510
New Mexico Natural Gas Residential Consumption (MMcf),32577
New York Natural Gas Residential Consumption (MMcf),410836
North Carolina Natural Gas Residential Consumption (MMcf),64547
North Dakota Natural Gas Residential Consumption (MMcf),10059
Ohio Natural Gas Residential Consumption (MMcf),255826
Oklahoma Natural Gas Residential Consumption (MMcf),50573
Oregon Natural Gas Residential Consumption (MMcf),39391
Pennsylvania Natural Gas Residential Consumption (MMcf),215512
Rhode Island Natural Gas Residential Consumption (MMcf),17200
South Carolina Natural Gas Residential Consumption (MMcf),27562
South Dakota Natural Gas Residential Consumption (MMcf),11663
Tennessee Natural Gas Residential Consumption (MMcf),58924
Texas Natural Gas Residential Consumption (MMcf),175332
Utah Natural Gas Residential Consumption (MMcf),63929
Vermont Natural Gas Residential Consumption (MMcf),3518
Virginia Natural Gas Residential Consumption (MMcf),77170
Washington Natural Gas Residential Consumption (MMcf),76321
West Virginia Natural Gas Residential Consumption (MMcf),23210
Wisconsin Natural Gas Residential Consumption (MMcf),125484
Wyoming Natural Gas Residential Consumption (MMcf),11999
