RegionName,Variable
Alabama,0.0038
Alaska,0.0097
Arizona,0.0066
Arkansas,0.0062
California,0.0071
Colorado,0.0054
Connecticut,0.0166
Delaware,0.0057
Florida,0.009
Georgia,0.0089
Hawaii,0.0029
Idaho,0.0074
Illinois,0.0197
Indiana,0.0084
Iowa,0.0145
Kansas,0.0126
Kentucky,0.0079
Louisiana,0.005
Maine,0.0123
Maryland,0.01
Massachusetts,0.0113
Michigan,0.0139
Minnesota,0.0109
Mississippi,0.0061
Missouri,0.0096
Montana,0.0075
Nebraska,0.016
Nevada,0.0065
New Hampshire,0.0194
New Jersey,0.0214
New Mexico,0.0065
New York,0.0135
North Carolina,0.0083
North Dakota,0.009
Ohio,0.0155
Oklahoma,0.0085
Oregon,0.0095
Pennsylvania,0.0148
Rhode Island,0.0151
South Carolina,0.0054
South Dakota,0.0119
Tennessee,0.0071
Texas,0.0162
Utah,0.0062
Vermont,0.0176
Virginia,0.0084
Washington,0.0089
West Virginia,0.0051
Wisconsin,0.0167
Wyoming,0.0052
